name,price,image,,,,,,
Black currant Fruit Drink,165??,https://res.cloudinary.com/dxrrdqgss/image/upload/v1786606118/paopizza/products/drink/black-currant-fruit-drink.jpg,,,,,,
Blueberry-Lime Lemonade,169??,https://res.cloudinary.com/dxrrdqgss/image/upload/v1786606939/paopizza/products/drink/blueberry-lime-lemonade.jpg,,,,,,
BonaAqua Still Water,100??,https://res.cloudinary.com/dxrrdqgss/image/upload/v1786606118/paopizza/products/drink/bonaaqua-still-water.jpg,,,,,,
Cherry Fruit Drink,165??,https://res.cloudinary.com/dxrrdqgss/image/upload/v1786606769/paopizza/products/drink/cherry-fruit-drink.jpg,,,,,,
Cranberry Fruit Drink,165??,https://res.cloudinary.com/dxrrdqgss/image/upload/v1786606719/paopizza/products/drink/cranberry-fruit-drink.jpg,,,,,,
Dobry Apple Juice,249??,https://res.cloudinary.com/dxrrdqgss/image/upload/v1786606720/paopizza/products/drink/dobry-apple-juice.jpg,,,,,,
Dobry Cola,135??,https://res.cloudinary.com/dxrrdqgss/image/upload/v1786606720/paopizza/products/drink/dobry-cola.jpg,,,,,,
Dobry Cola Ice Lemon,135??,https://res.cloudinary.com/dxrrdqgss/image/upload/v1786606721/paopizza/products/drink/dobry-cola-ice-lemon.jpg,,,,,,
Dobry Cola Zero,135??,https://res.cloudinary.com/dxrrdqgss/image/upload/v1786606119/paopizza/products/drink/dobry-cola-zero.jpg,,,,,,
Dobry Kiwi-Grapes,135??,https://res.cloudinary.com/dxrrdqgss/image/upload/v1786606119/paopizza/products/drink/dobry-kiwi-grapes.jpg,,,,,,
Dobry Lemon-Lime,135??,https://res.cloudinary.com/dxrrdqgss/image/upload/v1786606120/paopizza/products/drink/dobry-lemon-lime.jpg,,,,,,
Dobry Orange,135??,https://res.cloudinary.com/dxrrdqgss/image/upload/v1786606120/paopizza/products/drink/dobry-orange.jpg,,,,,,
Fig-elderflower Iced Tea,169??,https://res.cloudinary.com/dxrrdqgss/image/upload/v1786606121/paopizza/products/drink/fig-elderflower-iced-tea.jpg,,,,,,
Nectar Dobry Apple-Cherry-Chokeberry,239??,https://res.cloudinary.com/dxrrdqgss/image/upload/v1786606121/paopizza/products/drink/nectar-dobry-apple-cherry-chokeberry.jpg,,,,,,
Nectar Dobry Multifruit,249??,https://res.cloudinary.com/dxrrdqgss/image/upload/v1786606121/paopizza/products/drink/nectar-dobry-multifruit.jpg,,,,,,
Nectar Dobry Orange,249??,https://res.cloudinary.com/dxrrdqgss/image/upload/v1786606122/paopizza/products/drink/nectar-dobry-orange.jpg,,,,,,
Pulpy Orange Juice Drink,149??,https://res.cloudinary.com/dxrrdqgss/image/upload/v1786606722/paopizza/products/drink/pulpy-orange-juice-drink.jpg,,,,,,
Rich Black Tea Lemon,139??,https://res.cloudinary.com/dxrrdqgss/image/upload/v1786606723/paopizza/products/drink/rich-black-tea-lemon.jpg,,,,,,
Rich Green Tea,139??,https://res.cloudinary.com/dxrrdqgss/image/upload/v1786606724/paopizza/products/drink/rich-green-tea.jpg,,,,,,
Rich Green Tea Mango,139??,https://res.cloudinary.com/dxrrdqgss/image/upload/v1786606725/paopizza/products/drink/rich-green-tea-mango.jpg,,,,,,
Strawberry Mojito,149??,https://res.cloudinary.com/dxrrdqgss/image/upload/v1786606726/paopizza/products/drink/strawberry-mojito.jpg,,,,,,
Taiga Tea Pack,249??,https://res.cloudinary.com/dxrrdqgss/image/upload/v1786606727/paopizza/products/drink/taiga-tea-pack.jpg,,,,,,
Watermelon Lime lemonade,159??,https://res.cloudinary.com/dxrrdqgss/image/upload/v1786606122/paopizza/products/drink/watermelon-lime-lemonade.jpg,,,,,,
,,,,,,,,
